Handle,Title,Body (HTML),Vendor,Type,Tags,Published,Option1 Name,Option1 Value,Variant SKU,Variant Inventory Tracker,Variant Inventory Qty,Variant Inventory Policy,Variant Fulfillment Service,Variant Price,Variant Requires Shipping,Variant Taxable,Image Src,Image Position,Status
millie-sweatshirt-bodda-getta,Millie Sweatshirt Bodda Getta,"Sequins on Sleeves, Fuzzy sparkly lettering (Bodda Getta)<br>62% Poly, 33% Rayon, 5% Spandex<br>Hand Wash (I use machine with hand wash cycle in lingerie bag)<br>XS (0-2); S (4-6); M (8-10); L (10-12); XL (14); Generously sized",Tiger Threads,Sweatshirts & Sweaters,"Auburn, Sweatshirts & Sweaters",TRUE,Size,S,,shopify,21,deny,manual,49,TRUE,TRUE,https://williamsdigital.io/preview/tiger-threads-auburn/img/products/millie-sweatshirt-bodda-getta.jpg,1,active
millie-sweatshirt-bodda-getta,,,,,,,,M,,shopify,23,deny,manual,49,TRUE,TRUE,,,
millie-sweatshirt-bodda-getta,,,,,,,,L,,shopify,26,deny,manual,49,TRUE,TRUE,,,
millie-sweatshirt-bodda-getta,,,,,,,,XL,,shopify,2,deny,manual,49,TRUE,TRUE,,,
celia-sweater-vest,Celia Sweater Vest,"50% Viscose, 28% Poly, 22% Nylon<br>Machine Wash Cold<br>XS (0-2); S (4-6); M (8-10); L (10-12); XL (14); True To Size",Tiger Threads,Sweatshirts & Sweaters,"Auburn, Sweatshirts & Sweaters",TRUE,Size,XS,,shopify,10,deny,manual,62,TRUE,TRUE,https://williamsdigital.io/preview/tiger-threads-auburn/img/products/celia-sweater-vest.jpg,1,active
celia-sweater-vest,,,,,,,,S,,shopify,6,deny,manual,62,TRUE,TRUE,,,
celia-sweater-vest,,,,,,,,M,,shopify,4,deny,manual,62,TRUE,TRUE,,,
celia-sweater-vest,,,,,,,,L,,shopify,7,deny,manual,62,TRUE,TRUE,,,
celia-sweater-vest,,,,,,,,XL,,shopify,4,deny,manual,62,TRUE,TRUE,,,
tina-top-wde,Tina Top WDE,"Sequin/Rhinestone Lettering<br>62% Poly, 33% Rayon, 5% Spandex<br>Hand Wash (I use machine with hand wash cycle in lingerie bag)<br>XS (0-2); S (4-6); M (8-10); L (10-12); XL (14); Generously sized",Tiger Threads,Tops,"Auburn, Tops",TRUE,Size,XS,,shopify,2,deny,manual,63,TRUE,TRUE,https://williamsdigital.io/preview/tiger-threads-auburn/img/products/tina-top-wde.jpg,1,active
tina-top-wde,,,,,,,,S,,shopify,3,deny,manual,63,TRUE,TRUE,,,
tina-top-wde,,,,,,,,M,,shopify,8,deny,manual,63,TRUE,TRUE,,,
tina-top-wde,,,,,,,,L,,shopify,4,deny,manual,63,TRUE,TRUE,,,
tina-top-wde,,,,,,,,XL,,shopify,3,deny,manual,63,TRUE,TRUE,,,
sarah-sweatshirt-power-stripe,Sarah Sweatshirt Power Stripe,"Beaded Power Stripe/Embroidered Lettering<br>62% Poly, 33% Rayon, 5% Spandex<br>Hand Wash (I use machine with hand wash cycle in lingerie bag)<br>XS (0-2); S (4-6); M (8-10); L (10-12); XL (14); 1X (16); 2X (18) Generously sized",Tiger Threads,Sweatshirts & Sweaters,"Auburn, Sweatshirts & Sweaters",TRUE,Size,S,,shopify,3,deny,manual,79,TRUE,TRUE,https://williamsdigital.io/preview/tiger-threads-auburn/img/products/sarah-sweatshirt-power-stripe.jpg,1,active
sarah-sweatshirt-power-stripe,,,,,,,,M,,shopify,2,deny,manual,79,TRUE,TRUE,,,
sarah-sweatshirt-power-stripe,,,,,,,,L,,shopify,2,deny,manual,79,TRUE,TRUE,,,
sarah-sweatshirt-power-stripe,,,,,,,,XL,,shopify,2,deny,manual,79,TRUE,TRUE,,,
sarah-sweatshirt-power-stripe,,,,,,,,1X,,shopify,2,deny,manual,79,TRUE,TRUE,,,
sarah-sweatshirt-power-stripe,,,,,,,,2X,,shopify,2,deny,manual,79,TRUE,TRUE,,,
sarah-sweatshirt-fearless-true,Sarah Sweatshirt Fearless & True,"Sequin/Rhinestone on Sleeves, Sequin Lettering<br>62% Poly, 33% Rayon, 5% Spandex<br>Hand Wash (I use machine with hand wash cycle in lingerie bag)<br>XS (0-2); S (4-6); M (8-10); L (10-12); XL (14); 1X (16); 2X (18) Generously sized",Tiger Threads,Sweatshirts & Sweaters,"Auburn, Sweatshirts & Sweaters",TRUE,Size,S,,shopify,2,deny,manual,79,TRUE,TRUE,https://williamsdigital.io/preview/tiger-threads-auburn/img/products/sarah-sweatshirt-fearless-true.jpg,1,active
sarah-sweatshirt-fearless-true,,,,,,,,M,,shopify,2,deny,manual,79,TRUE,TRUE,,,
sarah-sweatshirt-fearless-true,,,,,,,,L,,shopify,2,deny,manual,79,TRUE,TRUE,,,
sarah-sweatshirt-fearless-true,,,,,,,,XL,,shopify,2,deny,manual,79,TRUE,TRUE,,,
sarah-sweatshirt-fearless-true,,,,,,,,1X,,shopify,2,deny,manual,79,TRUE,TRUE,,,
sarah-sweatshirt-fearless-true,,,,,,,,2X,,shopify,2,deny,manual,79,TRUE,TRUE,,,
sarah-sweatshirt-basketball,Sarah Sweatshirt Basketball,"Sequin Designs<br>62% Poly, 33% Rayon, 5% Spandex<br>Hand Wash (I use machine with hand wash cycle in lingerie bag)<br>XS (0-2); S (4-6); M (8-10); L (10-12); XL (14);  1X (16-18) Generously sized",Tiger Threads,Sweatshirts & Sweaters,"Auburn, Sweatshirts & Sweaters",TRUE,Size,S,,shopify,3,deny,manual,68,TRUE,TRUE,https://williamsdigital.io/preview/tiger-threads-auburn/img/products/sarah-sweatshirt-basketball.jpg,1,active
sarah-sweatshirt-basketball,,,,,,,,M,,shopify,1,deny,manual,68,TRUE,TRUE,,,
sarah-sweatshirt-basketball,,,,,,,,L,,shopify,3,deny,manual,68,TRUE,TRUE,,,
sarah-sweatshirt-basketball,,,,,,,,XL,,shopify,4,deny,manual,68,TRUE,TRUE,,,
sarah-sweatshirt-basketball,,,,,,,,1X,,shopify,2,deny,manual,68,TRUE,TRUE,,,
hannah-sweater,Hannah Sweater,"50% Viscose, 28% Poly, 22% Nylon<br>Machine Wash Cold<br>XS (0-2); S (4-6); M (8-10); L (10-12); XL (14); True To Size",Tiger Threads,Sweatshirts & Sweaters,"Auburn, Sweatshirts & Sweaters",TRUE,Size,S,,shopify,3,deny,manual,55,TRUE,TRUE,https://williamsdigital.io/preview/tiger-threads-auburn/img/products/hannah-sweater.jpg,1,active
hannah-sweater,,,,,,,,M,,shopify,3,deny,manual,55,TRUE,TRUE,,,
hannah-sweater,,,,,,,,L,,shopify,2,deny,manual,55,TRUE,TRUE,,,
anna-dress,Anna Dress,"Sequin Designs<br>87% Poly, 10% Rayon, 3% Spandex<br>Hand Wash (I use machine with hand wash cycle in lingerie bag)<br>XS (0-2); S (4-6); M (8-10); L (10-12); XL (14); 2XL (16) True To Size",Tiger Threads,Dresses,"Auburn, Dresses",TRUE,Size,XS,,shopify,4,deny,manual,45,TRUE,TRUE,https://williamsdigital.io/preview/tiger-threads-auburn/img/products/anna-dress.jpg,1,active
anna-dress,,,,,,,,S,,shopify,1,deny,manual,45,TRUE,TRUE,,,
anna-dress,,,,,,,,M,,shopify,2,deny,manual,45,TRUE,TRUE,,,
anna-dress,,,,,,,,L,,shopify,3,deny,manual,45,TRUE,TRUE,,,
anna-dress,,,,,,,,XL,,shopify,4,deny,manual,45,TRUE,TRUE,,,
anna-dress,,,,,,,,XXL,,shopify,5,deny,manual,45,TRUE,TRUE,,,
alli-pajama-set,Alli Pajama Set,"94% Poly, 6% Spandex<br>Machine Wash <br>XS (0-2); S (4-6); M (8-10); L (10-12); XL (14); 1X (16); 2X (18)",Tiger Threads,Sets & Pajamas,"Auburn, Sets & Pajamas",TRUE,Size,XS,,shopify,4,deny,manual,65,TRUE,TRUE,https://williamsdigital.io/preview/tiger-threads-auburn/img/products/alli-pajama-set.jpg,1,active
alli-pajama-set,,,,,,,,S,,shopify,3,deny,manual,65,TRUE,TRUE,,,
alli-pajama-set,,,,,,,,M,,shopify,2,deny,manual,65,TRUE,TRUE,,,
alli-pajama-set,,,,,,,,L,,shopify,2,deny,manual,65,TRUE,TRUE,,,
alli-pajama-set,,,,,,,,XL,,shopify,2,deny,manual,65,TRUE,TRUE,,,
alli-pajama-set,,,,,,,,1X,,shopify,2,deny,manual,65,TRUE,TRUE,,,
alli-pajama-set,,,,,,,,2X,,shopify,2,deny,manual,65,TRUE,TRUE,,,
ginny-top-shorts-set,Ginny Top & Shorts Set,"Sequin Designs/Draw String Elastic Shorts<br>87% Poly, 10% Rayon, 3% Spandex<br>Hand Wash (I use machine with hand wash cycle in lingerie bag)<br>XS (0-2); S (4-6); M (8-10); L (10-12); XL (14); XXL (16) True To Size",Tiger Threads,Sets & Pajamas,"Auburn, Sets & Pajamas",TRUE,Size,S,,shopify,340,deny,manual,40,TRUE,TRUE,https://williamsdigital.io/preview/tiger-threads-auburn/img/products/ginny-top-shorts-set.jpg,1,active
ginny-top-shorts-set,,,,,,,,M,,shopify,40,deny,manual,40,TRUE,TRUE,,,
ginny-top-shorts-set,,,,,,,,L,,shopify,40,deny,manual,40,TRUE,TRUE,,,
ginny-top-shorts-set,,,,,,,,XL,,shopify,30,deny,manual,40,TRUE,TRUE,,,
ginny-top-shorts-set,,,,,,,,XXL,,shopify,4,deny,manual,40,TRUE,TRUE,,,
lauren-top-shorts-set,Lauren Top & Shorts Set,"Sequin Designs/Draw String Elastic Shorts<br>87% Poly, 10% Rayon, 3% Spandex<br>Hand Wash (I use machine with hand wash cycle in lingerie bag)<br>S (4-6); M (8-10); L (10-12); XL (14) True To Size",Tiger Threads,Sets & Pajamas,"Auburn, Sets & Pajamas",TRUE,Size,S,,shopify,6,deny,manual,40,TRUE,TRUE,https://williamsdigital.io/preview/tiger-threads-auburn/img/products/lauren-top-shorts-set.jpg,1,active
lauren-top-shorts-set,,,,,,,,M,,shopify,5,deny,manual,40,TRUE,TRUE,,,
lauren-top-shorts-set,,,,,,,,L,,shopify,6,deny,manual,40,TRUE,TRUE,,,
lauren-top-shorts-set,,,,,,,,XL,,shopify,4,deny,manual,40,TRUE,TRUE,,,
faith-v-neck-sweater,Faith V-Neck Sweater,"Beaded and Logo Design<br>52% Viscose, 20% Poly, 28% Nylon<br>Machine Wash Cold<br>XS (0-2); S (4-6); M (8-10); L (10-12); XL (14); Runs Small",Tiger Threads,Sweatshirts & Sweaters,"Auburn, Sweatshirts & Sweaters",TRUE,Size,XS,,shopify,2,deny,manual,109,TRUE,TRUE,https://williamsdigital.io/preview/tiger-threads-auburn/img/products/faith-v-neck-sweater.jpg,1,active
faith-v-neck-sweater,,,,,,,,S,,shopify,4,deny,manual,109,TRUE,TRUE,,,
faith-v-neck-sweater,,,,,,,,M,,shopify,4,deny,manual,109,TRUE,TRUE,,,
faith-v-neck-sweater,,,,,,,,L,,shopify,4,deny,manual,109,TRUE,TRUE,,,
faith-v-neck-sweater,,,,,,,,XL,,shopify,2,deny,manual,109,TRUE,TRUE,,,
sarah-sweatshirt-aubie,Sarah Sweatshirt Aubie,"Embroidered/Beaded Design<br>62% Poly, 33% Rayon, 5% Spandex<br>Hand Wash (I use machine with hand wash cycle in lingerie bag)<br>XS (0-2); S (4-6); M (8-10); L (10-12); XL (14); 1X (16); 2X (18) Generously sized",Tiger Threads,Sweatshirts & Sweaters,"Auburn, Sweatshirts & Sweaters",TRUE,Size,XS,,shopify,4,deny,manual,99,TRUE,TRUE,https://williamsdigital.io/preview/tiger-threads-auburn/img/products/sarah-sweatshirt-aubie.jpg,1,active
sarah-sweatshirt-aubie,,,,,,,,S,,shopify,5,deny,manual,99,TRUE,TRUE,,,
sarah-sweatshirt-aubie,,,,,,,,M,,shopify,6,deny,manual,99,TRUE,TRUE,,,
sarah-sweatshirt-aubie,,,,,,,,L,,shopify,6,deny,manual,99,TRUE,TRUE,,,
sarah-sweatshirt-aubie,,,,,,,,XL,,shopify,4,deny,manual,99,TRUE,TRUE,,,
sarah-sweatshirt-aubie,,,,,,,,1X,,shopify,2,deny,manual,99,TRUE,TRUE,,,
sarah-sweatshirt-aubie,,,,,,,,2X,,shopify,2,deny,manual,99,TRUE,TRUE,,,
millie-sweatshirt-wde,Millie Sweatshirt WDE,"Rhinestone/Sequin Design<br>62% Poly, 33% Rayon, 5% Spandex<br>Hand Wash (I use machine with hand wash cycle in lingerie bag)<br>XS (0-2); S (4-6); M (8-10); L (10-12); XL (14); 1X (16); 2X (18) Generously sized",Tiger Threads,Sweatshirts & Sweaters,"Auburn, Sweatshirts & Sweaters",TRUE,Size,XS,,shopify,4,deny,manual,99,TRUE,TRUE,https://williamsdigital.io/preview/tiger-threads-auburn/img/products/millie-sweatshirt-wde.jpg,1,active
millie-sweatshirt-wde,,,,,,,,S,,shopify,7,deny,manual,99,TRUE,TRUE,,,
millie-sweatshirt-wde,,,,,,,,M,,shopify,7,deny,manual,99,TRUE,TRUE,,,
millie-sweatshirt-wde,,,,,,,,L,,shopify,8,deny,manual,99,TRUE,TRUE,,,
millie-sweatshirt-wde,,,,,,,,XL,,shopify,4,deny,manual,99,TRUE,TRUE,,,
millie-sweatshirt-wde,,,,,,,,1X,,shopify,2,deny,manual,99,TRUE,TRUE,,,
millie-sweatshirt-wde,,,,,,,,2X,,shopify,2,deny,manual,99,TRUE,TRUE,,,
sarah-sweatshirt-varsity,Sarah Sweatshirt Varsity,"Chenille/Beaded Design<br>62% Poly, 33% Rayon, 5% Spandex<br>Hand Wash (I use machine with hand wash cycle in lingerie bag)<br>XS (0-2); S (4-6); M (8-10); L (10-12); XL (14); 1X (16); 2X (18) Generously sized",Tiger Threads,Sweatshirts & Sweaters,"Auburn, Sweatshirts & Sweaters",TRUE,Size,XS,,shopify,2,deny,manual,74,TRUE,TRUE,https://williamsdigital.io/preview/tiger-threads-auburn/img/products/sarah-sweatshirt-varsity.jpg,1,active
sarah-sweatshirt-varsity,,,,,,,,S,,shopify,3,deny,manual,74,TRUE,TRUE,,,
sarah-sweatshirt-varsity,,,,,,,,M,,shopify,4,deny,manual,74,TRUE,TRUE,,,
sarah-sweatshirt-varsity,,,,,,,,L,,shopify,4,deny,manual,74,TRUE,TRUE,,,
sarah-sweatshirt-varsity,,,,,,,,XL,,shopify,2,deny,manual,74,TRUE,TRUE,,,
sarah-sweatshirt-varsity,,,,,,,,1X,,shopify,2,deny,manual,74,TRUE,TRUE,,,
sarah-sweatshirt-varsity,,,,,,,,2X,,shopify,2,deny,manual,74,TRUE,TRUE,,,
millie-sweatshirt-script,Millie Sweatshirt Script,"Chenille Script Lettering<br>62% Poly, 33% Rayon, 5% Spandex<br>Hand Wash (I use machine with hand wash cycle in lingerie bag)<br>XS (0-2); S (4-6); M (8-10); L (10-12); XL (14); 1X (16); 2X (18) Generously sized",Tiger Threads,Sweatshirts & Sweaters,"Auburn, Sweatshirts & Sweaters",TRUE,Size,XS,,shopify,2,deny,manual,104,TRUE,TRUE,https://williamsdigital.io/preview/tiger-threads-auburn/img/products/millie-sweatshirt-script.jpg,1,active
millie-sweatshirt-script,,,,,,,,S,,shopify,2,deny,manual,104,TRUE,TRUE,,,
millie-sweatshirt-script,,,,,,,,M,,shopify,2,deny,manual,104,TRUE,TRUE,,,
millie-sweatshirt-script,,,,,,,,L,,shopify,2,deny,manual,104,TRUE,TRUE,,,
millie-sweatshirt-script,,,,,,,,XL,,shopify,2,deny,manual,104,TRUE,TRUE,,,
millie-sweatshirt-script,,,,,,,,1X,,shopify,1,deny,manual,104,TRUE,TRUE,,,
millie-sweatshirt-script,,,,,,,,2X,,shopify,1,deny,manual,104,TRUE,TRUE,,,
tina-top-war-eagle,Tina Top War Eagle,"Embroidered Rope Script Lettering<br>62% Poly, 33% Rayon, 5% Spandex<br>Hand Wash (I use machine with hand wash cycle in lingerie bag)<br>XS (0-2); S (4-6); M (8-10); L (10-12); XL (14); 1X (16); 2X (18) True To Size",Tiger Threads,Tops,"Auburn, Tops",TRUE,Size,XS,,shopify,6,deny,manual,74,TRUE,TRUE,https://williamsdigital.io/preview/tiger-threads-auburn/img/products/tina-top-war-eagle.jpg,1,active
tina-top-war-eagle,,,,,,,,S,,shopify,8,deny,manual,74,TRUE,TRUE,,,
tina-top-war-eagle,,,,,,,,M,,shopify,8,deny,manual,74,TRUE,TRUE,,,
tina-top-war-eagle,,,,,,,,L,,shopify,8,deny,manual,74,TRUE,TRUE,,,
tina-top-war-eagle,,,,,,,,XL,,shopify,6,deny,manual,74,TRUE,TRUE,,,
tina-top-war-eagle,,,,,,,,1X,,shopify,2,deny,manual,74,TRUE,TRUE,,,
tina-top-war-eagle,,,,,,,,2X,,shopify,2,deny,manual,74,TRUE,TRUE,,,
tracey-dress-tiger,Tracey Dress Tiger,Gathered Waist with Pockets<br>100% Poly<br>Machine Wash Cold<br>XS (0-2); S (4-6); M (8-10); L (10-12); XL (14); True To Size,Tiger Threads,Dresses,"Auburn, Dresses",TRUE,Size,XS,,shopify,2,deny,manual,92,TRUE,TRUE,https://williamsdigital.io/preview/tiger-threads-auburn/img/products/tracey-dress-tiger.jpg,1,active
tracey-dress-tiger,,,,,,,,S,,shopify,2,deny,manual,92,TRUE,TRUE,,,
tracey-dress-tiger,,,,,,,,M,,shopify,1,deny,manual,92,TRUE,TRUE,,,
tracey-dress-tiger,,,,,,,,L,,shopify,2,deny,manual,92,TRUE,TRUE,,,
tracey-dress-tiger,,,,,,,,XL,,shopify,2,deny,manual,92,TRUE,TRUE,,,
emily-top-icons,Emily Top Icons,"Embroidered Beaded Sequin Design<br>62% Poly, 33% Rayon, 5% Spandex<br>Hand Wash (I use machine with hand wash cycle in lingerie bag)<br>XS (0-2); S (4-6); M (8-10); L (10-12); XL (14) Generously sized",Tiger Threads,Tops,"Auburn, Tops",TRUE,Size,XS,,shopify,4,deny,manual,89,TRUE,TRUE,https://williamsdigital.io/preview/tiger-threads-auburn/img/products/emily-top-icons.jpg,1,active
emily-top-icons,,,,,,,,S,,shopify,4,deny,manual,89,TRUE,TRUE,,,
emily-top-icons,,,,,,,,M,,shopify,4,deny,manual,89,TRUE,TRUE,,,
emily-top-icons,,,,,,,,L,,shopify,4,deny,manual,89,TRUE,TRUE,,,
emily-top-icons,,,,,,,,XL,,shopify,3,deny,manual,89,TRUE,TRUE,,,
charlotte-pajama-set-toile,Charlotte Pajama Set Toile,"95% Viscose, 5% Spandex<br>Machine Wash <br>XS (0-2); S (4-6); M (8-10); L (10-12); XL (14); 1X (16); 2X (18)",Tiger Threads,Sets & Pajamas,"Auburn, Sets & Pajamas",TRUE,Size,XS,,shopify,4,deny,manual,92,TRUE,TRUE,https://williamsdigital.io/preview/tiger-threads-auburn/img/products/charlotte-pajama-set-toile.jpg,1,active
charlotte-pajama-set-toile,,,,,,,,S,,shopify,5,deny,manual,92,TRUE,TRUE,,,
charlotte-pajama-set-toile,,,,,,,,M,,shopify,6,deny,manual,92,TRUE,TRUE,,,
charlotte-pajama-set-toile,,,,,,,,L,,shopify,6,deny,manual,92,TRUE,TRUE,,,
charlotte-pajama-set-toile,,,,,,,,XL,,shopify,4,deny,manual,92,TRUE,TRUE,,,
charlotte-pajama-set-toile,,,,,,,,1X,,shopify,2,deny,manual,92,TRUE,TRUE,,,
charlotte-pajama-set-toile,,,,,,,,2X,,shopify,2,deny,manual,92,TRUE,TRUE,,,
emily-top-mascot,Emily Top Mascot,"Embroidered Beaded Sequin Design<br>62% Poly, 33% Rayon, 5% Spandex<br>Hand Wash (I use machine with hand wash cycle in lingerie bag)<br>XS (0-2); S (4-6); M (8-10); L (10-12); XL (14) Generously sized",Tiger Threads,Tops,"Auburn, Tops",TRUE,Size,XS,,shopify,4,deny,manual,79,TRUE,TRUE,https://williamsdigital.io/preview/tiger-threads-auburn/img/products/emily-top-mascot.jpg,1,active
emily-top-mascot,,,,,,,,S,,shopify,4,deny,manual,79,TRUE,TRUE,,,
emily-top-mascot,,,,,,,,M,,shopify,4,deny,manual,79,TRUE,TRUE,,,
emily-top-mascot,,,,,,,,L,,shopify,4,deny,manual,79,TRUE,TRUE,,,
emily-top-mascot,,,,,,,,XL,,shopify,4,deny,manual,79,TRUE,TRUE,,,
earrings-auburn-drop,Earrings Auburn Drop,AU Logo Drop Earrings With Large Stone Accent,Tiger Threads,Earrings,"Auburn, Earrings",TRUE,Title,Default Title,75750,shopify,24,deny,manual,37,TRUE,TRUE,https://williamsdigital.io/preview/tiger-threads-auburn/img/products/earrings-auburn-drop.jpg,1,active
earrings-auburn-pendant,Earrings Auburn Pendant,AU Pendant Earrings On Small Gold Hoop,Tiger Threads,Earrings,"Auburn, Earrings",TRUE,Title,Default Title,75744,shopify,24,deny,manual,23,TRUE,TRUE,https://williamsdigital.io/preview/tiger-threads-auburn/img/products/earrings-auburn-pendant.jpg,1,active
earrings-aubie-pendant,Earrings Aubie Pendant,Aubie Pendant Earrings On Small Gold Hoop,Tiger Threads,Earrings,"Auburn, Earrings",TRUE,Title,Default Title,75745,shopify,32,deny,manual,21,TRUE,TRUE,https://williamsdigital.io/preview/tiger-threads-auburn/img/products/earrings-aubie-pendant.jpg,1,active
earrings-aubie-hoop,Earrings Aubie Hoop,Aubie Pendant On Navy/Gold Hoop,Tiger Threads,Earrings,"Auburn, Earrings",TRUE,Title,Default Title,75748,shopify,24,deny,manual,31,TRUE,TRUE,,,active
earrings-war-eagle-dangle,Earrings War Eagle Dangle,War Eagle Charm/Tiger Paw Charm/Blue Stone On Small Gold Hoop,Tiger Threads,Earrings,"Auburn, Earrings",TRUE,Title,Default Title,75746,shopify,32,deny,manual,29,TRUE,TRUE,https://williamsdigital.io/preview/tiger-threads-auburn/img/products/earrings-war-eagle-dangle.jpg,1,active
earrings-wde-drop,Earrings WDE Drop,WDE Navy/Orange Logo Drop Earrings With Large White Beaded Accent,Tiger Threads,Earrings,"Auburn, Earrings",TRUE,Title,Default Title,75752,shopify,16,deny,manual,27,TRUE,TRUE,https://williamsdigital.io/preview/tiger-threads-auburn/img/products/earrings-wde-drop.jpg,1,active
earrings-au-hoop,Earrings AU Hoop,AU Pendant On Navy/Gold Hoop,Tiger Threads,Earrings,"Auburn, Earrings",TRUE,Title,Default Title,75747,shopify,12,deny,manual,31,TRUE,TRUE,https://williamsdigital.io/preview/tiger-threads-auburn/img/products/earrings-au-hoop.jpg,1,active
earrings-aubie-pearl-drop,Earrings Aubie Pearl Drop,Aubie Acrylic Logo Drop Earrings With Large Pearl Accent,Tiger Threads,Earrings,"Auburn, Earrings",TRUE,Title,Default Title,75749,shopify,12,deny,manual,17,TRUE,TRUE,https://williamsdigital.io/preview/tiger-threads-auburn/img/products/earrings-aubie-pearl-drop.jpg,1,active
